infant_FFA,infant_A1,adult_FFA,adult_A1
0.09393006894239483,-0.13168796224155926,0.5612992911637869,0.349185424403872
-0.15878375387982496,-0.20284525782258758,0.4590864790086938,0.1842111507595428
0.12737870319247568,0.0508686397887806,0.6245031019487374,0.3641035795604201
-0.02161385118826608,0.030810537219817094,0.4613175113171432,0.09073837315609105
0.2670178397286398,-0.007680056911719395,0.5484176428764787,0.26010367303328047
0.13255950032429648,0.031700963438206435,0.41647608481277654,-0.004689180627684349
