infant_FFA,infant_A1,adult_FFA,adult_A1
-0.06904373658205397,-0.30222390256099985,0.19280237281807122,0.2584918782658035
0.10451451325085923,0.0714967696248556,-0.01468466302130423,0.2690769531193243
0.45508730890019494,-0.35597711033751384,-0.09462829990007308,0.28221059644757496
0.2276796886443642,-0.11850830935798091,-0.021101432708355752,0.45022892062792824
0.05951716216791576,0.04273304359958205,0.4359895516975415,0.28157980949196215
0.2347173708246492,0.17917965438178338,0.21026352523695116,0.4328330601961473
