infant_FFA,infant_A1,adult_FFA,adult_A1
0.3389356835666383,-0.18239830289585887,0.3657157920169659,-0.12486931717875657
0.3814811319730029,0.02897845433088209,0.0620480473627323,0.17670478141393317
0.2209922466339373,-0.048779707164919466,0.5590269238399583,0.1158804554419077
0.11921257199596084,-0.07617579177115354,0.10307391714715523,0.38755654687626095
0.29253918508851295,0.013717852935840142,0.22904991764270083,-0.07544937737030603
0.5732389459195756,-0.030971778343551724,0.10853324132545368,0.25370375451017146
