infant_FFA,infant_A1,adult_FFA,adult_A1
-0.056083516650304206,-0.03674452173094755,0.45098690924581863,0.2522019414538396
-0.1625389911562613,-0.06192491441652128,0.057038129527636615,0.1661557694883165
0.5568150442908767,0.19849122778391076,0.258514884736479,0.140633650592737
0.5302816243349323,0.2241472716348865,0.1812016917917853,0.12165234553827396
0.3625182465169711,0.052181840113564276,0.20381220881386497,0.2848641439733684
0.45491575288749553,0.1812590337871197,0.3768184582968649,0.16728423532152714
