infant_FFA,infant_A1,adult_FFA,adult_A1
0.44688050377598215,-0.13072129767954177,0.5075803105553263,0.2997297524980632
0.13397973537788926,-0.1347020602209548,0.2655444725589838,0.13774208761083773
-0.25565839655583134,-0.22754636324087266,0.6091773525866705,0.0843102931322014
0.23605093701142152,0.09158691592628714,0.2812289426671367,0.09919875972303858
0.3161534429084974,0.02326322379968889,0.5739357020742599,0.20483107530601147
0.11657397890553262,0.04299236181031814,0.06973122808860284,0.30062242414464735
