infant_FFA,infant_A1,adult_FFA,adult_A1
0.013411451710411231,-0.12692054985317167,0.08419090793978905,0.12448543541762637
-0.03379729101206965,-0.03276091338213587,0.17500720584050503,0.09093084628860443
0.025903758215433156,-0.003052453644133068,0.36879173106686736,0.10638457489147407
0.20603178683838008,-0.057532669444913094,-0.0348247552083901,0.37671412379054964
0.3958900672253509,0.13514811695097045,0.1572548972410819,0.1077933300698677
0.5414508124334395,0.26552563714186794,0.17438655936026126,0.3780548710188972
