infant_FFA,infant_A1,adult_FFA,adult_A1
-0.09154961029400958,-0.08803047612004648,0.5106182685370202,0.20210592561779744
0.09047574429928112,-0.1789126316084745,0.17882399708220426,0.09732336019229099
-0.1463383989180623,0.07956386701509743,0.6715870485708246,0.3000357941587709
0.20994837644356695,0.03904840195446863,0.24537105826706604,0.09539472428328857
0.3187453201937805,0.026204587099695534,0.5204500818067017,-0.09480657680230256
0.16630618505916187,0.1470752870297226,0.08574132217761211,0.15778035585506733
