infant_FFA,infant_A1,adult_FFA,adult_A1
0.04198262079201176,-0.229417596639584,-0.0224011539245472,0.1503666068812568
-0.09091541275588053,0.06955729360420487,-0.2806240845926404,0.355820306174987
0.17347454177679372,0.1964221255930121,-0.003199970743442069,0.34807795038286965
0.34418215502769317,0.16289949636413334,0.09575477049756254,0.4016054884579795
0.37120035250083955,0.03709546435083851,0.3016313574774617,0.3768465407931864
0.4486374286636713,0.13302007892840287,-0.055189084715555864,0.5061401171970947
