infant_FFA,infant_A1,adult_FFA,adult_A1
0.17948827233655193,-0.0907605586320177,0.6511098289486439,0.30811120328907926
0.2783495307671017,-0.2738125352560821,0.5974828449439652,0.3273580506965485
0.19622213495994326,0.22923131300971558,0.677327562949219,0.37961792037491554
0.042615003267582975,-0.4470226237594923,0.5112718847456822,0.32081883429706726
0.3126552305246165,0.010116531850312558,0.2503810244907429,0.33623009214011146
0.3129202974637848,-0.29302648446187557,0.37930386974651487,0.35043393340263757
