infant_FFA,infant_A1,adult_FFA,adult_A1
0.32706745949915,-0.19521100883687112,0.49293410445365493,-0.03783554416506478
-0.1175401015241293,-0.20048688703116738,0.04094527426197034,0.26016542955614314
0.6773037341162104,0.0035814343032561187,0.6397864534684821,0.09949497273964847
0.6340705425349118,0.14483677129013653,0.17680081432214584,0.32011029282754994
0.31789733274568827,0.13109216617180522,0.09509013475449578,0.19622735700849642
0.013201399203273604,-0.021252272414628324,0.31342079037967935,0.32146599131786924
