infant_FFA,infant_A1,adult_FFA,adult_A1
-0.03335970889274816,-0.03774839716606064,0.4190272362904484,0.053063510449156
-0.1138660493154211,-0.03574526232084271,0.3626962948892663,0.17115266890859693
0.38911736765944643,0.07514267491607432,0.4534471167397589,0.037078673642740534
0.0746507039946653,-0.02186666379839602,0.20151704116176594,0.1785039941946103
0.35045863273723005,-0.17345477156946534,0.5084286212537825,-0.02275332951558113
0.4695514902907473,-0.1264718056822384,0.43407280919511154,0.010901315853452349
