infant_FFA,infant_A1,adult_FFA,adult_A1
0.005184566282020701,-0.1548804741342564,0.3942476878664031,0.09243635832195708
-0.16084990116188713,-0.09848299241655624,0.44766406984576557,0.2003456034934541
0.37374895863235186,-0.10867971190700745,0.0649513722158413,0.3030726894937111
-0.07870031894493935,-0.11420259170672273,0.18333894760157182,0.22936662253643023
0.17374651829389912,0.040139952162865714,0.45900071680657445,0.1562376094759936
-0.12208132928755573,0.06559048156090928,0.3649651596867966,-0.01625381073807324
