age,roi,corr,se,ci_low,ci_high,architecture,train_type,layer
infant,FFA,-0.12848245906674624,0.02463252783135498,-0.3042927453469437,0.19238401643756498,cornet_z_sl,random,V4
infant,A1,0.11231919521359789,0.02503160780568447,-0.2185832412085985,0.3124831528254324,cornet_z_sl,random,V4
infant,EVC,-0.027240434608098107,0.02414158567937893,-0.2892550132207606,0.23537562043233604,cornet_z_sl,random,V4
adult,FFA,0.24102144370644166,0.02961072621784702,-0.26458651798991,0.4316927140182583,cornet_z_sl,random,V4
adult,A1,0.276826864415212,0.014049634249884603,0.14013448079997814,0.42644089818907016,cornet_z_sl,random,V4
adult,EVC,0.48653183987655213,0.011677183359906921,0.34775347018243885,0.6154759141687894,cornet_z_sl,random,V4
