age,roi,corr,se,ci_low,ci_high,architecture,train_type,layer
infant,FFA,0.5040055045995961,0.010843164986182943,0.4123189925326399,0.6025264278912951,cornet_z_sl,imagenet_noface,V2
infant,A1,0.1383958936859598,0.032158987720620924,-0.2703552495493583,0.39588032295782694,cornet_z_sl,imagenet_noface,V2
infant,EVC,0.5342361682071535,0.008671792113088661,0.4327992974908405,0.6328445451479807,cornet_z_sl,imagenet_noface,V2
adult,FFA,0.2866643959280319,0.028915871383497334,-0.017579945343524903,0.4826380416881336,cornet_z_sl,imagenet_noface,V2
adult,A1,0.3560971167267276,0.015119230766792042,0.20008465401678002,0.5135261483989222,cornet_z_sl,imagenet_noface,V2
adult,EVC,0.07752233550750201,0.025929184060879337,-0.30784518549715834,0.26036763411964614,cornet_z_sl,imagenet_noface,V2
