age,roi,corr,se,ci_low,ci_high,architecture,train_type,layer
infant,FFA,0.4131784662112221,0.010688562640696737,0.2759471433320295,0.5211505009188172,cornet_z_sl,vggface,V4
infant,A1,0.08792049926876659,0.027931719593394914,-0.2644679814562071,0.3430649063897397,cornet_z_sl,vggface,V4
infant,EVC,0.4132597122219683,0.013649554997548708,0.2358998952629943,0.5555692241654668,cornet_z_sl,vggface,V4
adult,FFA,0.32471761315004505,0.023457748926296044,0.02076867928658525,0.45471029606652824,cornet_z_sl,vggface,V4
adult,A1,0.5578417703192632,0.01347237117623052,0.43424559725215656,0.7155514121047233,cornet_z_sl,vggface,V4
adult,EVC,0.07801672447367798,0.017849783985073826,-0.20609151157665329,0.21185555732256076,cornet_z_sl,vggface,V4
