age,roi,corr,se,ci_low,ci_high,architecture,train_type,layer
infant,FFA,0.18808662714191848,0.00690914735136733,-0.20016227096302341,0.4933895955947567,cornet_z_sl,imagenet_vggface,V4
infant,A1,0.0590366195397584,0.005770458646196737,-0.22720889626361723,0.3720722741373544,cornet_z_sl,imagenet_vggface,V4
infant,EVC,0.16999236316192276,0.005971447131849715,-0.16747749439950377,0.41647177050462747,cornet_z_sl,imagenet_vggface,V4
adult,FFA,0.14607022527816282,0.00586386255774495,-0.14377131575916172,0.4279397672617535,cornet_z_sl,imagenet_vggface,V4
adult,A1,0.19011627531916345,0.006144325339984974,-0.1701234224607273,0.47859329128113404,cornet_z_sl,imagenet_vggface,V4
adult,EVC,0.6054950614456288,0.0030838225820085953,0.4218081801933751,0.7279268804160222,cornet_z_sl,imagenet_vggface,V4
