age,roi,corr,se,ci_low,ci_high,architecture,train_type,layer
infant,FFA,0.01729064204269391,0.006979393287839265,-0.3799684581651614,0.366641975786774,cornet_z_sl,random,decoder
infant,A1,-0.08661896800212966,0.0054904159587641594,-0.37248233651053536,0.2007249704818857,cornet_z_sl,random,decoder
infant,EVC,-0.026553735399741284,0.004999521228430216,-0.31647091379084974,0.2230527649804536,cornet_z_sl,random,decoder
adult,FFA,0.4685281238236646,0.007178467311981393,0.1438459988600781,0.803118983949466,cornet_z_sl,random,decoder
adult,A1,0.16543994100893547,0.004778811471168345,-0.13061764563253692,0.35417316863686693,cornet_z_sl,random,decoder
adult,EVC,0.34529503915920534,0.005875398629131389,0.05242486110180937,0.6398138935395357,cornet_z_sl,random,decoder
