age,roi,corr,se,ci_low,ci_high,architecture,train_type,layer
infant,FFA,0.3535002889772903,0.017088037050688277,0.05811902284605254,0.46643646547679085,cornet_z_sl,random,aIT
infant,A1,0.17654319116932216,0.027295535977481432,-0.17299542869714887,0.3895084660040215,cornet_z_sl,random,aIT
infant,EVC,0.2789198177009632,0.01439005333624908,0.10756278360069214,0.38836102368670733,cornet_z_sl,random,aIT
adult,FFA,0.3412796476217806,0.01608836369846005,0.08684466466980491,0.44611397729871966,cornet_z_sl,random,aIT
adult,A1,0.3006570293995772,0.015325488585250853,0.14141115303134247,0.43673336579391436,cornet_z_sl,random,aIT
adult,EVC,0.4943070731145645,0.01116090990922269,0.3732484970160908,0.6073512085491148,cornet_z_sl,random,aIT
