age,roi,corr,se,ci_low,ci_high,architecture,train_type,layer
infant,FFA,0.47407791110093106,0.010501563803382996,0.3751872579202383,0.5727878318222362,cornet_z_sl,imagenet_vggface,V2
infant,A1,0.0902169341307988,0.03242155128417022,-0.30965312191786476,0.3711159878185083,cornet_z_sl,imagenet_vggface,V2
infant,EVC,0.4644845688612712,0.01509559573669473,0.29182815511292015,0.5952564332593171,cornet_z_sl,imagenet_vggface,V2
adult,FFA,0.33803159809595407,0.026229006425216188,0.03811937580400828,0.4962629803279117,cornet_z_sl,imagenet_vggface,V2
adult,A1,0.3538755842069907,0.012518146154253142,0.18339901588051208,0.46008502582317506,cornet_z_sl,imagenet_vggface,V2
adult,EVC,0.22865400380427672,0.027930524858902524,-0.30626585003609813,0.4210554264416813,cornet_z_sl,imagenet_vggface,V2
