age,roi,corr,se,ci_low,ci_high,architecture,train_type,layer
infant,FFA,0.7135870030334971,0.016147058363131572,0.5278047049229182,0.8193888710105017,cornet_z_sl,vggface,decoder
infant,A1,0.6069942985463959,0.02325551431519773,0.14877941224681487,0.7294626908765848,cornet_z_sl,vggface,decoder
infant,EVC,0.6695460273316592,0.022511328698875836,0.332911719519057,0.7960606346168349,cornet_z_sl,vggface,decoder
adult,FFA,0.596747137049286,0.023676408287667167,0.19289594469520668,0.7313079844304817,cornet_z_sl,vggface,decoder
adult,A1,0.7398542612288779,0.008830241981248254,0.663774906376099,0.8002093569107732,cornet_z_sl,vggface,decoder
adult,EVC,0.5718603649738376,0.016804725877459833,0.3182759412188388,0.7038047944680317,cornet_z_sl,vggface,decoder
