age,roi,corr,se,ci_low,ci_high,architecture,train_type,layer
infant,FFA,0.26457988401502847,0.006191560589355729,-0.09743281285134477,0.5362254724367501,cornet_z_sl,vggface_oneobject,V4
infant,A1,0.024564082255747424,0.006116256267855404,-0.29378820934174377,0.3376214303900577,cornet_z_sl,vggface_oneobject,V4
infant,EVC,0.3645978971757223,0.005132031734234152,0.05672735125153102,0.5790014925470772,cornet_z_sl,vggface_oneobject,V4
adult,FFA,0.41467611307647884,0.003393332721781632,0.231565381949534,0.5725434070748383,cornet_z_sl,vggface_oneobject,V4
adult,A1,0.03623262462537638,0.007676168381254292,-0.3894497737286504,0.38696362377715404,cornet_z_sl,vggface_oneobject,V4
adult,EVC,0.5429412355847142,0.0024917732849112453,0.4073334606307118,0.6524280018095355,cornet_z_sl,vggface_oneobject,V4
