age,roi,corr,se,ci_low,ci_high,architecture,train_type,layer
infant,FFA,0.18043473766973295,0.007655757173349583,-0.23305592658234123,0.530372754717206,cornet_z_sl,imagenet_vggface,decoder
infant,A1,0.046541422652531264,0.005975768489946615,-0.2710201232229902,0.378619482285636,cornet_z_sl,imagenet_vggface,decoder
infant,EVC,0.15596687401624706,0.005845517869637511,-0.16065975844868674,0.4247141970370537,cornet_z_sl,imagenet_vggface,decoder
adult,FFA,0.26292823053746,0.006196738948873014,-0.12172066182922214,0.5215007817266646,cornet_z_sl,imagenet_vggface,decoder
adult,A1,0.11872890732321884,0.005447794241287689,-0.1857177330366062,0.39594134356799016,cornet_z_sl,imagenet_vggface,decoder
adult,EVC,0.42225423958828984,0.0062567196480508794,0.17044191913958573,0.6757827647062272,cornet_z_sl,imagenet_vggface,decoder
