age,roi,corr,se,ci_low,ci_high,architecture,train_type,layer
infant,FFA,0.15060895522232814,0.02356516447637059,-0.1847982561736198,0.3230789372840373,cornet_z_sl,random,decoder
infant,A1,0.1545629673864568,0.03133838919131612,-0.2936308627288614,0.39698612129473726,cornet_z_sl,random,decoder
infant,EVC,0.13914140266770678,0.014112003241000598,-0.06606132671338649,0.2568028827198302,cornet_z_sl,random,decoder
adult,FFA,0.29371716923188007,0.021248825299648832,0.017920725599701624,0.4217046696128186,cornet_z_sl,random,decoder
adult,A1,0.36270371117506883,0.010876810706858926,0.22287883556762592,0.47177634257913,cornet_z_sl,random,decoder
adult,EVC,0.157478132401965,0.012108046690136268,-0.00849406866274246,0.2597062750417063,cornet_z_sl,random,decoder
