age,roi,corr,se,ci_low,ci_high,architecture,train_type,layer
infant,FFA,0.025389774622163026,0.006832425502457605,-0.3726128381067925,0.3518870258731254,cornet_z_sl,random,V2
infant,A1,-0.06762192846889871,0.005093042296707649,-0.32762149186703227,0.2032670049156203,cornet_z_sl,random,V2
infant,EVC,-0.01284998702293892,0.004824919284898534,-0.30119275229410825,0.20489737477407471,cornet_z_sl,random,V2
adult,FFA,0.3522769906736996,0.00729517339719471,0.010593237841802062,0.710961605539435,cornet_z_sl,random,V2
adult,A1,0.1422751322182391,0.004611292596544391,-0.0956681659483934,0.3646033578306689,cornet_z_sl,random,V2
adult,EVC,0.3689891757363987,0.006323407963094902,0.04341807274546602,0.6508494809515646,cornet_z_sl,random,V2
