age,roi,corr,se,ci_low,ci_high,architecture,train_type,layer
infant,FFA,0.4394257390186208,0.013602789234457138,0.2670858806666961,0.5717802396904907,cornet_z_sl,vggface_oneobject,V1
infant,A1,0.06219705511173283,0.024398422459994955,-0.2674184261654051,0.30887006687287394,cornet_z_sl,vggface_oneobject,V1
infant,EVC,0.3942974140014142,0.015981325356091577,0.18997221774199916,0.5440934034199612,cornet_z_sl,vggface_oneobject,V1
adult,FFA,0.38169767475887134,0.016969234313668684,0.14204574631959507,0.4900905258802388,cornet_z_sl,vggface_oneobject,V1
adult,A1,0.41161131525158196,0.011485908941418266,0.2637687748210182,0.5228799055267117,cornet_z_sl,vggface_oneobject,V1
adult,EVC,0.1184527698438615,0.02440106025191691,-0.34457510014955445,0.3184399832787442,cornet_z_sl,vggface_oneobject,V1
