age,roi,corr,se,ci_low,ci_high,architecture,train_type,layer
infant,FFA,0.34017063237077955,0.01592235324637872,0.109482510390396,0.4540163364567907,cornet_z_sl,vggface,V2
infant,A1,0.14288537763054576,0.023199448768691237,-0.11426570404605052,0.3463805396484371,cornet_z_sl,vggface,V2
infant,EVC,0.34417216742255546,0.013510689187875805,0.18340803154642074,0.4740352491610178,cornet_z_sl,vggface,V2
adult,FFA,0.3936799812050698,0.012886012477255954,0.19801247781876874,0.48212058973791544,cornet_z_sl,vggface,V2
adult,A1,0.5663542915236957,0.013088381040290042,0.43015197928868965,0.6819875059881528,cornet_z_sl,vggface,V2
adult,EVC,0.05601238022144869,0.022885745677508156,-0.18846653257825885,0.29753844426992104,cornet_z_sl,vggface,V2
