age,roi,corr,se,ci_low,ci_high,architecture,train_type,layer
infant,FFA,-0.09120362468353645,0.006200263122769333,-0.442631821507043,0.20981450460957843,cornet_z_sl,random,V4
infant,A1,-0.04050350878562129,0.004957694077642905,-0.3063010696219705,0.20349901891824856,cornet_z_sl,random,V4
infant,EVC,-0.14661474226017185,0.004698064458349739,-0.3886773346074378,0.09708214467406891,cornet_z_sl,random,V4
adult,FFA,0.35312288662137786,0.007753789684082242,-0.00407384400629265,0.74332708718324,cornet_z_sl,random,V4
adult,A1,0.07846109262800598,0.005674923090317142,-0.2368470774964535,0.3515927162209407,cornet_z_sl,random,V4
adult,EVC,0.3147504433656807,0.006993512422455615,-0.11501690375967652,0.6616542547326509,cornet_z_sl,random,V4
