age,roi,corr,se,ci_low,ci_high,architecture,train_type,layer
infant,FFA,0.26690109731138995,0.007451065973578204,-0.20196667600043822,0.5620951541991696,cornet_z_sl,imagenet_noface,V2
infant,A1,0.05524546258527028,0.0057583977878075095,-0.25119357874304693,0.3454900452701248,cornet_z_sl,imagenet_noface,V2
infant,EVC,0.3761910403377944,0.00518172242493075,0.06566869942517171,0.5762380468564777,cornet_z_sl,imagenet_noface,V2
adult,FFA,0.16105359354203927,0.004823900243907457,-0.10161172392085707,0.3941081057736873,cornet_z_sl,imagenet_noface,V2
adult,A1,-0.0027049368195047377,0.007375936720455585,-0.46604725800043834,0.3413355140998779,cornet_z_sl,imagenet_noface,V2
adult,EVC,0.6051860027737869,0.0027219471593809426,0.4587678292725646,0.7212311597741486,cornet_z_sl,imagenet_noface,V2
