age,roi,corr,se,ci_low,ci_high,architecture,train_type,layer
infant,FFA,0.4754976479384515,0.014747543558368976,0.26031861844986925,0.609282195107968,cornet_z_sl,vggface_oneobject,pIT
infant,A1,0.21062537999631076,0.025461950255739718,-0.1026209306773959,0.4458037506100576,cornet_z_sl,vggface_oneobject,pIT
infant,EVC,0.4101114743705556,0.017193308702977438,0.1888958838207916,0.5690407225990592,cornet_z_sl,vggface_oneobject,pIT
adult,FFA,0.5378712240283915,0.012177896188714036,0.4045882695214015,0.6388786416213477,cornet_z_sl,vggface_oneobject,pIT
adult,A1,0.4294266355580494,0.012274970055790906,0.24969841557256373,0.5411531826532703,cornet_z_sl,vggface_oneobject,pIT
adult,EVC,0.18813958763790464,0.01665884376014215,-0.05442049687184749,0.33261482339515475,cornet_z_sl,vggface_oneobject,pIT
