age,roi,corr,se,ci_low,ci_high,architecture,train_type,layer
infant,FFA,0.45427525624869725,0.013027389257741029,0.26816367859393686,0.5736373316461278,cornet_z_sl,vggface_oneobject,aIT
infant,A1,0.5476033278323177,0.0097748770102439,0.4274249848733225,0.6453491888195199,cornet_z_sl,vggface_oneobject,aIT
infant,EVC,0.4250285943332517,0.016296557773583638,0.20809631503628837,0.5730294971868295,cornet_z_sl,vggface_oneobject,aIT
adult,FFA,0.5115296021562148,0.012989939408664664,0.3879875723289973,0.6344233727137911,cornet_z_sl,vggface_oneobject,aIT
adult,A1,0.48052338710640025,0.010651913186143381,0.36275514914741264,0.5903554884834995,cornet_z_sl,vggface_oneobject,aIT
adult,EVC,0.45847728503872553,0.013317277790611343,0.35385499391964575,0.6115174438765661,cornet_z_sl,vggface_oneobject,aIT
