age,roi,corr,se,ci_low,ci_high,architecture,train_type,layer
infant,FFA,0.48800527188640813,0.012943883493555275,0.36653862105104373,0.6189212548444628,cornet_z_sl,vggface,V1
infant,A1,0.023396765198500414,0.026348208039558896,-0.26884059626720347,0.2862413228936662,cornet_z_sl,vggface,V1
infant,EVC,0.42936890962633656,0.013646520117810137,0.2504541366334696,0.5716509395010777,cornet_z_sl,vggface,V1
adult,FFA,0.38403893922076837,0.018640800215809453,0.10780602936828222,0.47403795153199246,cornet_z_sl,vggface,V1
adult,A1,0.4024192156943423,0.013221449483161563,0.2760324297521563,0.5366173364329252,cornet_z_sl,vggface,V1
adult,EVC,0.10570760987265256,0.02330993719657959,-0.22585426717975618,0.2787187105662407,cornet_z_sl,vggface,V1
