age,roi,corr,se,ci_low,ci_high,architecture,train_type,layer
infant,FFA,0.17169943416055694,0.006555266067325164,-0.1965048427587219,0.4547420601239441,cornet_z_sl,imagenet_noface,V4
infant,A1,0.04352181163150153,0.005417885223171606,-0.2416433828315321,0.3207036142514876,cornet_z_sl,imagenet_noface,V4
infant,EVC,0.13980233934101316,0.0065816697219318486,-0.23804453730473368,0.43513386371015195,cornet_z_sl,imagenet_noface,V4
adult,FFA,0.12608935805388982,0.0065957976945971546,-0.25872075748683593,0.4271230872205933,cornet_z_sl,imagenet_noface,V4
adult,A1,0.2629691736589191,0.004694164661577039,0.002119081511993147,0.4776051875932277,cornet_z_sl,imagenet_noface,V4
adult,EVC,0.4113041188673904,0.0054842841465651505,0.0705510391523534,0.6315185901309293,cornet_z_sl,imagenet_noface,V4
