age,roi,corr,se,ci_low,ci_high,architecture,train_type,layer
infant,FFA,0.7343760315576247,0.006816936532796556,0.644004512440035,0.8090863685425661,cornet_z_sl,imagenet_oneface,decoder
infant,A1,0.4069364024956716,0.02278061854217925,0.16061563878973276,0.6203761361016181,cornet_z_sl,imagenet_oneface,decoder
infant,EVC,0.5980134058777332,0.010526227108391432,0.45978434562391823,0.7091674109975429,cornet_z_sl,imagenet_oneface,decoder
adult,FFA,0.46613266600357783,0.016670701783728113,0.2560720108274659,0.6060999740794795,cornet_z_sl,imagenet_oneface,decoder
adult,A1,0.5891807612519693,0.01035082681779075,0.43342333505721015,0.6786454150923706,cornet_z_sl,imagenet_oneface,decoder
adult,EVC,0.23935611917285107,0.01741924439716201,-0.024323778773838334,0.37541177422901234,cornet_z_sl,imagenet_oneface,decoder
