age,roi,corr,se,ci_low,ci_high,architecture,train_type,layer
infant,FFA,0.04505220836048817,0.006888922084142268,-0.3229073484361548,0.4003022328423363,cornet_z_sl,imagenet_oneface,aIT
infant,A1,-0.025441680187545723,0.004733015749453578,-0.2642532437517094,0.22800711777490537,cornet_z_sl,imagenet_oneface,aIT
infant,EVC,0.05708495208991037,0.007096166304970387,-0.2920755168866243,0.44385873868533454,cornet_z_sl,imagenet_oneface,aIT
adult,FFA,0.47655586187558435,0.0033457947113159536,0.30965903566469066,0.5983215542032339,cornet_z_sl,imagenet_oneface,aIT
adult,A1,0.11459046475730884,0.004677116242418471,-0.14144534568978964,0.3357349096622495,cornet_z_sl,imagenet_oneface,aIT
adult,EVC,0.4314080734488594,0.004284587513812289,0.19294829562206584,0.6305590078135719,cornet_z_sl,imagenet_oneface,aIT
