age,roi,corr,se,ci_low,ci_high,architecture,train_type,layer
infant,FFA,0.4785129836091564,0.015774068353389563,0.2774630339121866,0.60120777938399,cornet_z_sl,imagenet_vggface,decoder
infant,A1,0.43248822072573334,0.019215116754975708,0.14327688404508412,0.5562906933031777,cornet_z_sl,imagenet_vggface,decoder
infant,EVC,0.4262581355057779,0.013464857054925434,0.23169255947265455,0.5237898155752349,cornet_z_sl,imagenet_vggface,decoder
adult,FFA,0.5076744683633875,0.017424755700344467,0.3079605721340991,0.649824129199651,cornet_z_sl,imagenet_vggface,decoder
adult,A1,0.723292752960779,0.00486404701170108,0.6698859314763275,0.774926212343733,cornet_z_sl,imagenet_vggface,decoder
adult,EVC,0.48832145127171217,0.01758121909307295,0.38760087103325186,0.6076979702916594,cornet_z_sl,imagenet_vggface,decoder
