age,roi,corr,se,ci_low,ci_high,architecture,train_type,layer
infant,FFA,0.24058844142873137,0.007345078314660507,-0.18367305097919565,0.5365075191130093,cornet_z_sl,imagenet_oneface,V4
infant,A1,0.023512443732434093,0.005482057976365145,-0.25798335911903625,0.31434242255271994,cornet_z_sl,imagenet_oneface,V4
infant,EVC,0.2067378577393913,0.006240366360842348,-0.17577350022049443,0.45807708328120855,cornet_z_sl,imagenet_oneface,V4
adult,FFA,0.1374358551896355,0.005669542915480422,-0.19072335124456025,0.39257648338069306,cornet_z_sl,imagenet_oneface,V4
adult,A1,0.1427591217221757,0.005278604561584536,-0.1767654475478596,0.39803706601790767,cornet_z_sl,imagenet_oneface,V4
adult,EVC,0.48053035760924157,0.004282531464887795,0.20104382722633654,0.6503036981928052,cornet_z_sl,imagenet_oneface,V4
