age,roi,corr,se,ci_low,ci_high,architecture,train_type,layer
infant,FFA,0.09090459651272173,0.006689314218758292,-0.2879648502630753,0.442350948158451,cornet_z_sl,imagenet_vggface,pIT
infant,A1,-0.010969706935689476,0.005194754370897634,-0.28294641005914384,0.265068644606391,cornet_z_sl,imagenet_vggface,pIT
infant,EVC,0.13915156507350193,0.00646879207160212,-0.16880015973422413,0.49341353234479035,cornet_z_sl,imagenet_vggface,pIT
adult,FFA,0.2965825692626949,0.006241465096860655,-0.06693647504358745,0.5523804781957616,cornet_z_sl,imagenet_vggface,pIT
adult,A1,0.2504067352985246,0.006388759828813009,-0.11047013464657017,0.5327842223628212,cornet_z_sl,imagenet_vggface,pIT
adult,EVC,0.3870312859589822,0.005020814126724221,0.055827755021901466,0.5759210190976192,cornet_z_sl,imagenet_vggface,pIT
