age,roi,corr,se,ci_low,ci_high,architecture,train_type,layer
infant,FFA,0.351122957897934,0.01952162619420124,0.1453115968516528,0.5389633642850447,cornet_z_sl,imagenet_vggface,aIT
infant,A1,0.13031918039112508,0.027899748782333696,-0.2549608833043651,0.3603977465904077,cornet_z_sl,imagenet_vggface,aIT
infant,EVC,0.2295067607330179,0.014630873359026903,0.04304742113246391,0.35394656193191926,cornet_z_sl,imagenet_vggface,aIT
adult,FFA,0.3485714645926936,0.018597006565347535,0.14391461898809382,0.5630381942707717,cornet_z_sl,imagenet_vggface,aIT
adult,A1,0.48511235179893214,0.010903858725826412,0.36242352731802957,0.597587878833622,cornet_z_sl,imagenet_vggface,aIT
adult,EVC,0.17720781672269528,0.01780341810499811,0.03768358019007385,0.33071760420168295,cornet_z_sl,imagenet_vggface,aIT
