age,roi,corr,se,ci_low,ci_high,architecture,train_type,layer
infant,FFA,-0.05115014076389374,0.006533231988721008,-0.4298132543606506,0.2737793483632555,cornet_z_sl,random,V1
infant,A1,-0.051172062507880096,0.005216646925190476,-0.332464071654731,0.22595764997435225,cornet_z_sl,random,V1
infant,EVC,0.03590630865851162,0.005872132531622181,-0.27810991852939565,0.3501080105710755,cornet_z_sl,random,V1
adult,FFA,0.3961784646486185,0.006921281443324026,0.07734450726502252,0.7317377608943088,cornet_z_sl,random,V1
adult,A1,-0.018771317770447143,0.005815894468592981,-0.3499835853018074,0.2836125923708546,cornet_z_sl,random,V1
adult,EVC,0.4366946595321084,0.0049801662726628795,0.2162407228436901,0.6428421107779779,cornet_z_sl,random,V1
