age,roi,corr,se,ci_low,ci_high,architecture,train_type,layer
infant,FFA,0.29462802995010023,0.006913043739179307,-0.154448355468183,0.573008254385354,cornet_z_sl,vggface,decoder
infant,A1,0.047267154758228895,0.005974247122489455,-0.26742221899830365,0.36412841613994973,cornet_z_sl,vggface,decoder
infant,EVC,0.19794967244417722,0.006892924196880755,-0.17047256494145005,0.5696978185695712,cornet_z_sl,vggface,decoder
adult,FFA,0.17009566496534534,0.008338591037882178,-0.3688605118054789,0.5683610198772164,cornet_z_sl,vggface,decoder
adult,A1,0.1933736311643682,0.0060234311983250275,-0.12999215700415015,0.495720974820871,cornet_z_sl,vggface,decoder
adult,EVC,0.3234138056477851,0.0036985762867434387,0.11715914428950429,0.46603598628029036,cornet_z_sl,vggface,decoder
