age,roi,corr,se,ci_low,ci_high,architecture,train_type,layer
infant,FFA,0.40762329909400846,0.008923582049027382,0.302294719054615,0.5079979639340435,cornet_z_sl,imagenet_oneface,V2
infant,A1,-0.05003059733716461,0.025050830510240214,-0.3750871212250577,0.16749487913274264,cornet_z_sl,imagenet_oneface,V2
infant,EVC,0.4277151188880745,0.012599229355637016,0.3151634500632518,0.5441406111989323,cornet_z_sl,imagenet_oneface,V2
adult,FFA,0.11143156393296286,0.04255380056893282,-0.4129187061697733,0.42371597482976797,cornet_z_sl,imagenet_oneface,V2
adult,A1,0.343830771850199,0.014191638756286127,0.1723529053629815,0.4589904222341932,cornet_z_sl,imagenet_oneface,V2
adult,EVC,0.26106997438902707,0.012247692586931013,0.09640303644128571,0.38236773379546785,cornet_z_sl,imagenet_oneface,V2
