age,roi,corr,se,ci_low,ci_high,architecture,train_type,layer
infant,FFA,0.16344819293878401,0.0070110896653494265,-0.20978663571885697,0.5177669669822026,cornet_z_sl,vggface_oneobject,V2
infant,A1,0.05278317861577563,0.00580879620094584,-0.2592467453360592,0.35390588788225263,cornet_z_sl,vggface_oneobject,V2
infant,EVC,0.18898212260124683,0.005781284475495548,-0.14544062160423524,0.44962517529689966,cornet_z_sl,vggface_oneobject,V2
adult,FFA,0.39158338102539936,0.005934228472315196,0.10385908728004821,0.6683398514308533,cornet_z_sl,vggface_oneobject,V2
adult,A1,-0.00432769972621633,0.007154989495769072,-0.4127098536082857,0.3148199492798621,cornet_z_sl,vggface_oneobject,V2
adult,EVC,0.4450166423760134,0.00414574285953918,0.21739392351725226,0.6588778726483175,cornet_z_sl,vggface_oneobject,V2
