age,roi,corr,se,ci_low,ci_high,architecture,train_type,layer
infant,FFA,0.0018390311168137964,0.021248564887965577,-0.24266860956425146,0.23793737346025398,cornet_z_sl,random,V2
infant,A1,0.25092652535438403,0.027289612390509466,-0.18935873229928057,0.4754900688689166,cornet_z_sl,random,V2
infant,EVC,0.02705977733682785,0.01912455115298263,-0.2530875600517737,0.1796481247624253,cornet_z_sl,random,V2
adult,FFA,0.2204646180377271,0.026985977429507802,-0.22563589471288187,0.43378556008442315,cornet_z_sl,random,V2
adult,A1,0.29389713606038503,0.01300594814303673,0.13409411253621478,0.4239238423656033,cornet_z_sl,random,V2
adult,EVC,0.37285259526805814,0.013219356335643601,0.2082063440662045,0.5044007486892546,cornet_z_sl,random,V2
