age,roi,corr,se,ci_low,ci_high,architecture,train_type,layer
infant,FFA,0.562575978292751,0.01613558590579651,0.34801980777751423,0.7197853634685786,cornet_z_sl,imagenet_noface,decoder
infant,A1,0.3997844138004802,0.020354256756797525,0.13405345799637333,0.5786566736098114,cornet_z_sl,imagenet_noface,decoder
infant,EVC,0.5487410544561171,0.014297157604677525,0.3641986111026234,0.6804959666201374,cornet_z_sl,imagenet_noface,decoder
adult,FFA,0.5830620893112288,0.02182860179997394,0.18600135060553458,0.7153362402195831,cornet_z_sl,imagenet_noface,decoder
adult,A1,0.6602737348051764,0.007424658732642459,0.5696335060127856,0.7233020920576598,cornet_z_sl,imagenet_noface,decoder
adult,EVC,0.36723835056469334,0.01923205640791538,0.1410769149270623,0.5492500489483308,cornet_z_sl,imagenet_noface,decoder
