age,roi,corr,se,ci_low,ci_high,architecture,train_type,layer
infant,FFA,0.0968387764065561,0.00847152330930744,-0.41378390941201837,0.47655940069191477,cornet_z_sl,random,aIT
infant,A1,-0.09563817431072792,0.005259399996384035,-0.3628633348978942,0.18779837447778183,cornet_z_sl,random,aIT
infant,EVC,0.0464897457647655,0.006292716011840036,-0.2983876286861823,0.36819642991941454,cornet_z_sl,random,aIT
adult,FFA,0.35425367111897127,0.005493846743346052,0.07110420127103916,0.6297682601230475,cornet_z_sl,random,aIT
adult,A1,0.12499147593911199,0.005720626453671401,-0.2964169359159431,0.36023112386047,cornet_z_sl,random,aIT
adult,EVC,0.3031707703794416,0.005610174068866083,0.04036744980967336,0.5843127353553716,cornet_z_sl,random,aIT
