age,roi,corr,se,ci_low,ci_high,architecture,train_type,layer
infant,FFA,0.47183585902217584,0.01105457307603561,0.37027618800939965,0.5619088534620886,cornet_z_sl,imagenet_oneface,pIT
infant,A1,0.3257504376228924,0.02189888521682114,0.04869607117522417,0.5478642596595025,cornet_z_sl,imagenet_oneface,pIT
infant,EVC,0.4253156783719475,0.02328168251828813,0.0821078431313937,0.6095302155905427,cornet_z_sl,imagenet_oneface,pIT
adult,FFA,0.33541458715003614,0.016035446801452892,0.12485385040911692,0.5162755788240232,cornet_z_sl,imagenet_oneface,pIT
adult,A1,0.521977487424348,0.009475183446717685,0.40036374947722453,0.6160382714332904,cornet_z_sl,imagenet_oneface,pIT
adult,EVC,0.21585885903818716,0.016727050696556448,0.014312451808755112,0.38168546394433195,cornet_z_sl,imagenet_oneface,pIT
