age,roi,corr,se,ci_low,ci_high,architecture,train_type,layer
infant,FFA,0.2628102646729736,0.00727671691842496,-0.1787494921739576,0.5638704793906791,cornet_z_sl,imagenet_oneface,V1
infant,A1,-0.005290259996463169,0.006005652443078175,-0.32686783461268076,0.3018472653672703,cornet_z_sl,imagenet_oneface,V1
infant,EVC,0.3196203645935739,0.004877485837253484,0.045757761732967216,0.5279028052534609,cornet_z_sl,imagenet_oneface,V1
adult,FFA,0.3401070389139012,0.006647672284487021,-0.07292610087107593,0.6188479130011844,cornet_z_sl,imagenet_oneface,V1
adult,A1,0.03213723413923585,0.006243734684872439,-0.3214537343864109,0.3243031387376503,cornet_z_sl,imagenet_oneface,V1
adult,EVC,0.32702719169202826,0.00563454570083781,0.0615110443284703,0.6055749858900229,cornet_z_sl,imagenet_oneface,V1
