age,roi,corr,se,ci_low,ci_high,architecture,train_type,layer
infant,FFA,0.206697092186048,0.007369352201654394,-0.23157612663252727,0.5172496039618002,cornet_z_sl,vggface_oneobject,decoder
infant,A1,0.05445928693623542,0.005329660441883481,-0.23119734158971997,0.3269269607885706,cornet_z_sl,vggface_oneobject,decoder
infant,EVC,0.15715133671591827,0.00687558446389052,-0.21869188722621946,0.49607627124369424,cornet_z_sl,vggface_oneobject,decoder
adult,FFA,0.373741601672753,0.006990994781309521,-0.19167596748939172,0.6262484265303807,cornet_z_sl,vggface_oneobject,decoder
adult,A1,0.04932298468566122,0.007652659191201725,-0.4275231609513233,0.4752256203341325,cornet_z_sl,vggface_oneobject,decoder
adult,EVC,0.2967324993479466,0.00427192149040812,0.07514852569905515,0.5123755960472216,cornet_z_sl,vggface_oneobject,decoder
