age,roi,corr,se,ci_low,ci_high,architecture,train_type,layer
infant,FFA,-0.0024743164444574954,0.006036600106255512,-0.33574287409319437,0.2953735370651165,cornet_z_sl,vggface_oneobject,aIT
infant,A1,0.05397857654427609,0.005996891047532163,-0.27346609387017395,0.34577419543042076,cornet_z_sl,vggface_oneobject,aIT
infant,EVC,0.09447604435435869,0.006264353281359447,-0.255240516279777,0.40028864045783064,cornet_z_sl,vggface_oneobject,aIT
adult,FFA,0.19062469623234585,0.005544633539161808,-0.11818838883544551,0.4433269065694435,cornet_z_sl,vggface_oneobject,aIT
adult,A1,0.07685725101634383,0.005387575241607366,-0.24207452559337214,0.3080625430483676,cornet_z_sl,vggface_oneobject,aIT
adult,EVC,0.39475727809894795,0.004416613830119439,0.1392520776002354,0.5897649847837027,cornet_z_sl,vggface_oneobject,aIT
