age,roi,corr,se,ci_low,ci_high,architecture,train_type,layer
infant,FFA,0.3891859208299478,0.017144611545446345,0.18625541042594188,0.5511354821961805,cornet_z_sl,imagenet_noface,aIT
infant,A1,0.24407937834251142,0.022893331110917004,-0.05546175493424792,0.44139101813001475,cornet_z_sl,imagenet_noface,aIT
infant,EVC,0.19826085175358685,0.012851453285103375,0.012307869023964076,0.3252497584294936,cornet_z_sl,imagenet_noface,aIT
adult,FFA,0.4782630194376323,0.018394591423712275,0.2770837881387289,0.6538096126881496,cornet_z_sl,imagenet_noface,aIT
adult,A1,0.5283556159106555,0.007851000450089496,0.44731965975372356,0.6063634643815738,cornet_z_sl,imagenet_noface,aIT
adult,EVC,0.3784070357608498,0.023100471031164423,0.027661735638548943,0.5595104812690912,cornet_z_sl,imagenet_noface,aIT
