age,roi,corr,se,ci_low,ci_high,architecture,train_type,layer
infant,FFA,0.3883632112979855,0.013289014031699532,0.23948726441037696,0.5061561929370593,cornet_z_sl,imagenet_noface,pIT
infant,A1,0.21106565774918692,0.018051212528676395,0.02536875768900444,0.45607072904121,cornet_z_sl,imagenet_noface,pIT
infant,EVC,0.3401962637934306,0.014507281865113944,0.17595081006435678,0.507303654635867,cornet_z_sl,imagenet_noface,pIT
adult,FFA,0.27213223957914473,0.016029951579481807,0.06480268455268241,0.46119392353819333,cornet_z_sl,imagenet_noface,pIT
adult,A1,0.4118471394713357,0.011466941810764237,0.2628522594308587,0.5317815726567625,cornet_z_sl,imagenet_noface,pIT
adult,EVC,0.2879541762871571,0.017624903674058928,0.04807685715790703,0.4354785054359331,cornet_z_sl,imagenet_noface,pIT
