age,roi,corr,se,ci_low,ci_high,architecture,train_type,layer
infant,FFA,0.701385729191832,0.010464639070428007,0.5766857622734713,0.7845696966968543,cornet_z_sl,vggface_oneobject,decoder
infant,A1,0.5423578702063492,0.023607738550108094,0.1928577325159238,0.720789640674222,cornet_z_sl,vggface_oneobject,decoder
infant,EVC,0.6803619394560662,0.01232562495083651,0.54081680077884,0.7760578449362668,cornet_z_sl,vggface_oneobject,decoder
adult,FFA,0.5866601604601348,0.018830378480647416,0.23208214917173248,0.7202236322225422,cornet_z_sl,vggface_oneobject,decoder
adult,A1,0.582953047221091,0.00900872593935033,0.49158669098642505,0.6774520268449411,cornet_z_sl,vggface_oneobject,decoder
adult,EVC,0.5500691784547317,0.02028150343770203,0.4608135979549785,0.6544881401732859,cornet_z_sl,vggface_oneobject,decoder
