age,roi,corr,se,ci_low,ci_high,architecture,train_type,layer
infant,FFA,0.2082842455363501,0.006528657393744262,-0.18580072524442612,0.500358038408388,cornet_z_sl,vggface,aIT
infant,A1,-0.009167146345590111,0.006615743494180089,-0.3512946129074824,0.3380699062541466,cornet_z_sl,vggface,aIT
infant,EVC,0.1993952925706997,0.006700585259396162,-0.20193544805334768,0.5110641870333654,cornet_z_sl,vggface,aIT
adult,FFA,0.44296153261711985,0.00404605582437489,0.17269145547951867,0.6101794444063379,cornet_z_sl,vggface,aIT
adult,A1,0.18979855881957075,0.006575158616860652,-0.2300457573997875,0.45872234793023764,cornet_z_sl,vggface,aIT
adult,EVC,0.5660703390011729,0.004280915455936955,0.3210682753684088,0.7319800008259911,cornet_z_sl,vggface,aIT
