age,roi,corr,se,ci_low,ci_high,architecture,train_type,layer
infant,FFA,0.10024275381194178,0.0068420180859750475,-0.2833433053477138,0.4331483714559991,cornet_z_sl,imagenet_noface,pIT
infant,A1,-0.011540552528100914,0.005058628803800445,-0.28404327864240625,0.24178383048731447,cornet_z_sl,imagenet_noface,pIT
infant,EVC,0.06692946688340996,0.006277143350651731,-0.2722426844319288,0.38996862636149593,cornet_z_sl,imagenet_noface,pIT
adult,FFA,0.29251017390747575,0.005361796469146398,-0.028781805863109893,0.5170004859593611,cornet_z_sl,imagenet_noface,pIT
adult,A1,0.24131121986400217,0.003909606129328498,0.0053430921024412974,0.4263744882588873,cornet_z_sl,imagenet_noface,pIT
adult,EVC,0.4057291291595062,0.0034711953089225857,0.2257085861433755,0.5688531713228283,cornet_z_sl,imagenet_noface,pIT
