age,roi,corr,se,ci_low,ci_high,architecture,train_type,layer
infant,FFA,0.1588615269503,0.00823056340546236,-0.2912843655849128,0.5470871914918775,cornet_z_sl,imagenet_oneface,decoder
infant,A1,0.08345592469874852,0.005496853502442612,-0.21640623469044332,0.36015729180504474,cornet_z_sl,imagenet_oneface,decoder
infant,EVC,0.16754932597192823,0.0070449208479065805,-0.23183522910897522,0.47275619502778043,cornet_z_sl,imagenet_oneface,decoder
adult,FFA,0.46642537607852674,0.004989461695742035,0.12515833328921347,0.6733910779088164,cornet_z_sl,imagenet_oneface,decoder
adult,A1,0.027649434269723164,0.0060976858355537575,-0.2816903524075939,0.3533843045977527,cornet_z_sl,imagenet_oneface,decoder
adult,EVC,0.2599108300739321,0.005875495051063609,-0.03955284128278764,0.5477760876213769,cornet_z_sl,imagenet_oneface,decoder
