age,roi,corr,se,ci_low,ci_high,architecture,train_type,layer
infant,FFA,0.4704832329510698,0.010557045097788856,0.3526081330085048,0.5610206570665621,cornet_z_sl,imagenet_oneface,V1
infant,A1,0.04875491607621903,0.03209672897941533,-0.3342109271476347,0.3455664389499362,cornet_z_sl,imagenet_oneface,V1
infant,EVC,0.46876843816872904,0.01232269193216034,0.30748095630145006,0.582634430611232,cornet_z_sl,imagenet_oneface,V1
adult,FFA,0.2999219953332761,0.03187149941564557,-0.21369164504154672,0.474530707366293,cornet_z_sl,imagenet_oneface,V1
adult,A1,0.41826351423481867,0.010515951923083267,0.26602511061557244,0.5146065221205381,cornet_z_sl,imagenet_oneface,V1
adult,EVC,0.22059017552717983,0.018221228459535953,0.03477853586857575,0.36416449113016547,cornet_z_sl,imagenet_oneface,V1
