age,roi,corr,se,ci_low,ci_high,architecture,train_type,layer
infant,FFA,0.2352524646460052,0.007090395148601469,-0.1932222471924141,0.5345767247747178,cornet_z_sl,imagenet_noface,V1
infant,A1,0.0006395328687599502,0.0056506165030654615,-0.2942138496833157,0.3107108325537551,cornet_z_sl,imagenet_noface,V1
infant,EVC,0.29951960749721057,0.005047451667553843,0.02503053895962079,0.5110174642679739,cornet_z_sl,imagenet_noface,V1
adult,FFA,0.23639425586218413,0.005978233782311142,-0.12081045892973183,0.5062388810053907,cornet_z_sl,imagenet_noface,V1
adult,A1,0.07422896558318767,0.005362506599410897,-0.20191995406358984,0.32011450161224025,cornet_z_sl,imagenet_noface,V1
adult,EVC,0.22219075597683088,0.003947659629115984,0.026380950666537485,0.43731028228013036,cornet_z_sl,imagenet_noface,V1
