age,roi,corr,se,ci_low,ci_high,architecture,train_type,layer
infant,FFA,0.4200563594406785,0.01679469519966109,0.23541466201326972,0.5866402944641016,cornet_z_sl,imagenet_oneface,aIT
infant,A1,0.22345238572890858,0.017858912687702323,0.002141823634018372,0.43081265583697925,cornet_z_sl,imagenet_oneface,aIT
infant,EVC,0.3187512648104996,0.020129092262885603,0.06866933718306593,0.5059935483328266,cornet_z_sl,imagenet_oneface,aIT
adult,FFA,0.3434492421090489,0.01566582580197141,0.14547521042663783,0.48009529602878975,cornet_z_sl,imagenet_oneface,aIT
adult,A1,0.5937980676238224,0.009587439319871152,0.4774674147736502,0.6820795490883101,cornet_z_sl,imagenet_oneface,aIT
adult,EVC,0.25987143512155475,0.01570593232165491,0.0838257626004828,0.4310604494676581,cornet_z_sl,imagenet_oneface,aIT
