age,roi,corr,se,ci_low,ci_high,architecture,train_type,layer
infant,FFA,0.23281266179850402,0.007055211981380317,-0.19401501668583282,0.5321669719424843,cornet_z_sl,imagenet_vggface,V1
infant,A1,-0.010158821103291584,0.005440526832301291,-0.3001171396465692,0.26828194204710853,cornet_z_sl,imagenet_vggface,V1
infant,EVC,0.2747792445606434,0.00522014521359997,-0.007603113831021466,0.4904875692012881,cornet_z_sl,imagenet_vggface,V1
adult,FFA,0.26182629911915295,0.006923891627428865,-0.11110276250655843,0.5892396907494803,cornet_z_sl,imagenet_vggface,V1
adult,A1,0.08986307219436455,0.005846320219645442,-0.22956827248452585,0.3642395215233274,cornet_z_sl,imagenet_vggface,V1
adult,EVC,0.3126073873189577,0.004148032537873321,0.05355718338418299,0.501160044595151,cornet_z_sl,imagenet_vggface,V1
