age,roi,corr,se,ci_low,ci_high,architecture,train_type,layer
infant,FFA,0.15854939404326318,0.006359115505557079,-0.29120008278647824,0.4019752592075982,cornet_z_sl,random,pIT
infant,A1,-0.05432931393469529,0.004942697951737158,-0.32646916382218194,0.1945579323137265,cornet_z_sl,random,pIT
infant,EVC,-0.03338130184771754,0.004953544077078626,-0.31852180562054344,0.1895368918430248,cornet_z_sl,random,pIT
adult,FFA,0.4437925061659263,0.006497052177156493,0.09710979753298164,0.7487167863304427,cornet_z_sl,random,pIT
adult,A1,0.15068107046453172,0.006011775682703757,-0.19522208738321273,0.41587953001500416,cornet_z_sl,random,pIT
adult,EVC,0.37527870984205436,0.006843023362468863,0.009342319729998144,0.7046198396405241,cornet_z_sl,random,pIT
