age,roi,corr,se,ci_low,ci_high,architecture,train_type,layer
infant,FFA,0.11913760463951478,0.006291209644030013,-0.22954345849695515,0.41302397466473356,cornet_z_sl,vggface,V2
infant,A1,0.009542855704530794,0.005836300718079198,-0.29828583944722764,0.3084683509660757,cornet_z_sl,vggface,V2
infant,EVC,0.1931186768495244,0.005801875164720597,-0.14182463485604485,0.4550349437114183,cornet_z_sl,vggface,V2
adult,FFA,0.28983394604441437,0.0069683736427242245,-0.06931570719536213,0.604231851541584,cornet_z_sl,vggface,V2
adult,A1,0.014744055805040183,0.006631261256648897,-0.3599110836547057,0.313951796632571,cornet_z_sl,vggface,V2
adult,EVC,0.5085273974840161,0.0036703172303416847,0.29866262078509254,0.6667240738549358,cornet_z_sl,vggface,V2
