age,roi,corr,se,ci_low,ci_high,architecture,train_type,layer
infant,FFA,0.22267389285222772,0.007001636277061825,-0.19929933023188065,0.5337918449911501,cornet_z_sl,vggface_oneobject,pIT
infant,A1,-0.026118473538718382,0.004978981843102243,-0.2913114757360502,0.22808322309988394,cornet_z_sl,vggface_oneobject,pIT
infant,EVC,0.2739869517498729,0.006181392885793981,-0.09891424392801182,0.5271692834870266,cornet_z_sl,vggface_oneobject,pIT
adult,FFA,0.20111714958621488,0.006220567435990718,-0.15802849812344794,0.48415385329916466,cornet_z_sl,vggface_oneobject,pIT
adult,A1,0.33070362612633925,0.005844216821630672,0.03060721806665765,0.5883332933456512,cornet_z_sl,vggface_oneobject,pIT
adult,EVC,0.5196462753710754,0.0032195158578731935,0.33578805102355735,0.667012111936303,cornet_z_sl,vggface_oneobject,pIT
