age,roi,corr,se,ci_low,ci_high,architecture,train_type,layer
infant,FFA,-0.017493955891526747,0.007726763260672836,-0.3831282800701254,0.4057469094772682,cornet_z_sl,imagenet_noface,decoder
infant,A1,0.08489146260334937,0.00555485210982808,-0.20134308078197957,0.3749522176000842,cornet_z_sl,imagenet_noface,decoder
infant,EVC,0.09924477479777136,0.005843025426895219,-0.20659283469985043,0.4022265820016146,cornet_z_sl,imagenet_noface,decoder
adult,FFA,0.4848715909376434,0.004252756231188811,0.30657014980961633,0.6518743968936674,cornet_z_sl,imagenet_noface,decoder
adult,A1,0.13694621994083672,0.004454096296433599,-0.12046242360229098,0.3418212888926413,cornet_z_sl,imagenet_noface,decoder
adult,EVC,0.1957781466541751,0.005241600430572287,-0.07941687403427218,0.4297607279567831,cornet_z_sl,imagenet_noface,decoder
