age,roi,corr,se,ci_low,ci_high,architecture,train_type,layer
infant,FFA,0.4345670460162981,0.011809075001343948,0.3056548928374467,0.5528060101980204,cornet_z_sl,imagenet_noface,V4
infant,A1,0.10182663222928352,0.022330011365225118,-0.1686829640826871,0.37047937228932143,cornet_z_sl,imagenet_noface,V4
infant,EVC,0.32574743458269656,0.021160065062807144,0.11550792231866572,0.47902921209473776,cornet_z_sl,imagenet_noface,V4
adult,FFA,0.4200402642614779,0.01506439211962777,0.20326190809457928,0.5692093106012073,cornet_z_sl,imagenet_noface,V4
adult,A1,0.34352203278324384,0.009798035935229552,0.22725241017946815,0.4438422430059744,cornet_z_sl,imagenet_noface,V4
adult,EVC,0.20374975043148613,0.015177372227761091,-0.05227403275305687,0.34309335894487397,cornet_z_sl,imagenet_noface,V4
