age,roi,corr,se,ci_low,ci_high,architecture,train_type,layer
infant,FFA,0.5333130362711838,0.017661846503444174,0.18760088659908408,0.6371949265790723,cornet_z_sl,imagenet_vggface,pIT
infant,A1,0.31795993351715524,0.026801116622360066,-0.03293478824971355,0.525818100938257,cornet_z_sl,imagenet_vggface,pIT
infant,EVC,0.48689018269092543,0.015603325120003444,0.2656880225015676,0.6333195911667909,cornet_z_sl,imagenet_vggface,pIT
adult,FFA,0.35179766590000106,0.014541527897747658,0.18544058776609734,0.49649708204889975,cornet_z_sl,imagenet_vggface,pIT
adult,A1,0.4909557155540118,0.012883226525778087,0.3327927169698643,0.6452572973146221,cornet_z_sl,imagenet_vggface,pIT
adult,EVC,0.35018927494327007,0.016388061827521515,0.16110858001499728,0.5209684554100849,cornet_z_sl,imagenet_vggface,pIT
