age,roi,corr,se,ci_low,ci_high,architecture,train_type,layer
infant,FFA,0.3597746212643771,0.01943451109129891,0.16479366025870573,0.4785924946514443,cornet_z_sl,vggface_oneobject,V2
infant,A1,0.06701259606127875,0.02379545132875935,-0.21805028840397783,0.2933007634924775,cornet_z_sl,vggface_oneobject,V2
infant,EVC,0.36787476811244346,0.014697419379499876,0.1748967813412664,0.503268501727333,cornet_z_sl,vggface_oneobject,V2
adult,FFA,0.4272762130154866,0.012050906182835884,0.21257031376850885,0.5016623143800585,cornet_z_sl,vggface_oneobject,V2
adult,A1,0.6103911084324013,0.01127243825526229,0.4776765949015551,0.7296484255796586,cornet_z_sl,vggface_oneobject,V2
adult,EVC,0.004362245415549064,0.017912383691997137,-0.24100366395478026,0.16471143777143182,cornet_z_sl,vggface_oneobject,V2
