age,roi,corr,se,ci_low,ci_high,architecture,train_type,layer
infant,FFA,0.2616199478002563,0.006775713663547971,-0.11359250587642562,0.5902020811065698,cornet_z_sl,vggface_oneobject,V1
infant,A1,0.06705222630936557,0.0065029931759038396,-0.29100932594738116,0.39262284588348134,cornet_z_sl,vggface_oneobject,V1
infant,EVC,0.22042013810613392,0.005175428484968459,-0.07221952221165112,0.46179893109162784,cornet_z_sl,vggface_oneobject,V1
adult,FFA,0.34727882760359496,0.006385416506167857,0.007563932031165294,0.6493446722692897,cornet_z_sl,vggface_oneobject,V1
adult,A1,0.03937361494206017,0.005460045002656728,-0.28917781036466156,0.2726841222016046,cornet_z_sl,vggface_oneobject,V1
adult,EVC,0.4747838853141784,0.0037740612689595742,0.20601617261633753,0.6206557819886055,cornet_z_sl,vggface_oneobject,V1
