age,roi,corr,se,ci_low,ci_high,architecture,train_type,layer
infant,FFA,0.08745923088720761,0.005912362459713141,-0.2450484306999718,0.37913492989147973,cornet_z_sl,imagenet_oneface,pIT
infant,A1,-0.0020607344033913397,0.005543352336832917,-0.2866177917048129,0.28566816552685526,cornet_z_sl,imagenet_oneface,pIT
infant,EVC,0.10354777922381897,0.005249228686016998,-0.19013174790901918,0.3708925692787951,cornet_z_sl,imagenet_oneface,pIT
adult,FFA,0.26190519418760483,0.005336557202354972,-0.02598142883857103,0.507422078253633,cornet_z_sl,imagenet_oneface,pIT
adult,A1,0.17156466331516376,0.005063097934639818,-0.11259259547359518,0.4153386523536099,cornet_z_sl,imagenet_oneface,pIT
adult,EVC,0.4269292977078493,0.004750951516546386,0.13252720282053873,0.6258869456795069,cornet_z_sl,imagenet_oneface,pIT
