age,roi,corr,se,ci_low,ci_high,architecture,train_type,layer
infant,FFA,0.2994709792209883,0.007345139518965859,-0.16920276432205095,0.5929548188591207,cornet_z_sl,vggface,pIT
infant,A1,-0.03454040367547888,0.005452694480161102,-0.33313689991659123,0.2330366950405063,cornet_z_sl,vggface,pIT
infant,EVC,0.21513209894530383,0.005197898590968555,-0.08678559846335908,0.44364364673104284,cornet_z_sl,vggface,pIT
adult,FFA,0.0709821542454759,0.008293485764436098,-0.510560778757883,0.46941489040798945,cornet_z_sl,vggface,pIT
adult,A1,0.057905951903821695,0.006562911145560689,-0.2834134798625311,0.3651648803515109,cornet_z_sl,vggface,pIT
adult,EVC,0.444640218746904,0.0035960053299914827,0.234888398741309,0.6088624727041138,cornet_z_sl,vggface,pIT
