age,roi,corr,se,ci_low,ci_high,architecture,train_type,layer
infant,FFA,0.4197478375581678,0.01562513780884264,0.13851511973516947,0.5424410886651957,cornet_z_sl,imagenet_oneface,V4
infant,A1,0.06781722484623237,0.02176036021220603,-0.16085580860250087,0.24982221780578515,cornet_z_sl,imagenet_oneface,V4
infant,EVC,0.3008941598806726,0.020933383565494203,0.005408592174125991,0.45525509057118824,cornet_z_sl,imagenet_oneface,V4
adult,FFA,0.36993408500650893,0.03372117814099273,-0.3974614234589353,0.5256454787180395,cornet_z_sl,imagenet_oneface,V4
adult,A1,0.3209377036406188,0.012963415807202961,0.16278487421537657,0.45770673796112166,cornet_z_sl,imagenet_oneface,V4
adult,EVC,0.18903587542375105,0.017384080185004074,0.01317642194126642,0.33285001248424595,cornet_z_sl,imagenet_oneface,V4
