age,roi,corr,se,ci_low,ci_high,architecture,train_type,layer
infant,FFA,0.30076746391077835,0.00720793107552287,-0.16088204472282985,0.5896995747737019,cornet_z_sl,imagenet_vggface,V2
infant,A1,0.02858840240889454,0.005835349154241417,-0.28917486536505765,0.31894319576238306,cornet_z_sl,imagenet_vggface,V2
infant,EVC,0.3109901094282718,0.005115948463850436,0.033769291303657016,0.5291388734422339,cornet_z_sl,imagenet_vggface,V2
adult,FFA,0.13365423985021813,0.005723676305087136,-0.21440053724189392,0.39147544000791795,cornet_z_sl,imagenet_vggface,V2
adult,A1,-0.011726809159816005,0.0064343455320892565,-0.4060836397165,0.2811867164973862,cornet_z_sl,imagenet_vggface,V2
adult,EVC,0.6369200943111414,0.0030359786240870996,0.4518854753138589,0.7474926071141639,cornet_z_sl,imagenet_vggface,V2
