age,roi,corr,se,ci_low,ci_high,architecture,train_type,layer
infant,FFA,0.34643211711749267,0.014044856293473828,0.1780241919706064,0.4709224593439322,cornet_z_sl,imagenet_vggface,V4
infant,A1,0.005339183900944609,0.022001080030840857,-0.24542187936077758,0.242465658684555,cornet_z_sl,imagenet_vggface,V4
infant,EVC,0.25152708215070696,0.023824573422198323,-0.0055640329830647026,0.4450158308805544,cornet_z_sl,imagenet_vggface,V4
adult,FFA,0.373570018036193,0.026931625955782267,0.17425995400555638,0.5602302154373738,cornet_z_sl,imagenet_vggface,V4
adult,A1,0.44087792712436213,0.014542366705125485,0.23280456413173534,0.5869868526746469,cornet_z_sl,imagenet_vggface,V4
adult,EVC,0.05617301738933249,0.013522937537963749,-0.1196428171680271,0.2004836788584692,cornet_z_sl,imagenet_vggface,V4
