age,roi,corr,se,ci_low,ci_high,architecture,train_type,layer
infant,FFA,0.3573965043554235,0.015610436655188619,0.24656005753842278,0.45527354341341425,cornet_z_sl,random,pIT
infant,A1,0.19136637565824874,0.02253105655910056,-0.07907347940834647,0.3806454356377994,cornet_z_sl,random,pIT
infant,EVC,0.3245201230528783,0.016204641893713442,0.12372892187513843,0.41403983153375046,cornet_z_sl,random,pIT
adult,FFA,0.2902187809639676,0.02200907311992695,-0.053695241934440724,0.4292885138096425,cornet_z_sl,random,pIT
adult,A1,0.36092361554634506,0.015281658673688855,0.18387189382886243,0.516114776124645,cornet_z_sl,random,pIT
adult,EVC,0.47408950083756757,0.010644840408025111,0.35151146898744695,0.5681077416511436,cornet_z_sl,random,pIT
