age,roi,corr,se,ci_low,ci_high,architecture,train_type,layer
infant,FFA,0.2074605479285242,0.006740219175932167,-0.18448860005373804,0.5073526072770869,cornet_z_sl,vggface,V4
infant,A1,0.0253971778193075,0.006549051964563681,-0.31249586569569554,0.3674331531311143,cornet_z_sl,vggface,V4
infant,EVC,0.2403877016245383,0.0060196402353560295,-0.11889001613220554,0.4806548790436904,cornet_z_sl,vggface,V4
adult,FFA,0.33620121337401426,0.0066758677497134305,-0.2674667884556008,0.5474121682836076,cornet_z_sl,vggface,V4
adult,A1,-0.022594693355477154,0.006566233508131629,-0.3506656236881471,0.3064122983068353,cornet_z_sl,vggface,V4
adult,EVC,0.4294832748562395,0.005937770600625677,0.14265606302077238,0.6866380290747396,cornet_z_sl,vggface,V4
