age,roi,corr,se,ci_low,ci_high,architecture,train_type,layer
infant,FFA,0.17403471848275284,0.006419949722052962,-0.18399854270124869,0.47805839175570985,cornet_z_sl,vggface,V1
infant,A1,0.0428457774404864,0.00623591061247362,-0.2979262551288717,0.3601755788491278,cornet_z_sl,vggface,V1
infant,EVC,0.2553902036788644,0.005654346480046156,-0.08442223738754769,0.507092216399516,cornet_z_sl,vggface,V1
adult,FFA,0.28279471532242983,0.005764514846049303,-0.0031317204140635883,0.5841193928488034,cornet_z_sl,vggface,V1
adult,A1,0.1038070352228822,0.005383709380196972,-0.18832072766575783,0.33777918413311514,cornet_z_sl,vggface,V1
adult,EVC,0.34147883010861463,0.004833791986981238,0.06745095936995567,0.5535552958750932,cornet_z_sl,vggface,V1
