age,roi,corr,se,ci_low,ci_high,architecture,train_type,layer
infant,FFA,0.4282300617987355,0.012574898181326543,0.3109527527910921,0.5363487563750828,cornet_z_sl,vggface_oneobject,V4
infant,A1,0.035768941256913024,0.02661472362929323,-0.31230942298911074,0.29996981445123966,cornet_z_sl,vggface_oneobject,V4
infant,EVC,0.3945776379086983,0.017309230526271563,0.2052637650178233,0.5259313591245857,cornet_z_sl,vggface_oneobject,V4
adult,FFA,0.3201236156917521,0.018783736489516797,0.15567739291011068,0.4520600172943488,cornet_z_sl,vggface_oneobject,V4
adult,A1,0.48513556651355805,0.012695617197363855,0.3370173145213071,0.618755752763915,cornet_z_sl,vggface_oneobject,V4
adult,EVC,0.037057595808747235,0.018152154358296813,-0.1657674412147011,0.21408149164283372,cornet_z_sl,vggface_oneobject,V4
