age,roi,corr,se,ci_low,ci_high,architecture,train_type,layer
infant,FFA,0.4690159579231766,0.01593354915934698,0.32665545384803507,0.5838080675226958,cornet_z_sl,vggface,pIT
infant,A1,0.08745422551176286,0.025812968041188177,-0.2584665230809496,0.3431029300965913,cornet_z_sl,vggface,pIT
infant,EVC,0.32362890834094027,0.02949491005254743,-0.0912824556051253,0.4976494585298139,cornet_z_sl,vggface,pIT
adult,FFA,0.3516971445300584,0.010862813418054607,0.2080757154693952,0.4461665182838142,cornet_z_sl,vggface,pIT
adult,A1,0.3927458816160499,0.012869112856767674,0.21177323969910483,0.5154638124702609,cornet_z_sl,vggface,pIT
adult,EVC,0.2701694549021534,0.01045773590825935,0.13991822018541628,0.3553621048838245,cornet_z_sl,vggface,pIT
