age,roi,corr,se,ci_low,ci_high,architecture,train_type,layer
infant,FFA,0.3893174275599381,0.012886380768661698,0.22816965738438266,0.5081703447801439,cornet_z_sl,imagenet_noface,V1
infant,A1,-0.053342558186472225,0.025613879326792054,-0.37984564179809527,0.18369069716420575,cornet_z_sl,imagenet_noface,V1
infant,EVC,0.41853586936489146,0.015160678140012927,0.29052781032133257,0.5337452044497706,cornet_z_sl,imagenet_noface,V1
adult,FFA,0.11193550174596516,0.04246222211845647,-0.4112125259286341,0.41255139511151656,cornet_z_sl,imagenet_noface,V1
adult,A1,0.4490945087669836,0.016286920592055262,0.26089789966196364,0.5639449418803765,cornet_z_sl,imagenet_noface,V1
adult,EVC,0.20388833260436556,0.016869812159997555,0.04386878676429706,0.3699877640780129,cornet_z_sl,imagenet_noface,V1
