age,roi,corr,se,ci_low,ci_high,architecture,train_type,layer
infant,FFA,0.19613060840731475,0.00704665745025164,-0.2313926796174417,0.49467738389655075,cornet_z_sl,imagenet_oneface,V2
infant,A1,0.009700340610896226,0.005265399784500902,-0.26204864086859914,0.28427051996466357,cornet_z_sl,imagenet_oneface,V2
infant,EVC,0.33170880381255885,0.00521962049880757,0.016351030772807338,0.5445567549290211,cornet_z_sl,imagenet_oneface,V2
adult,FFA,0.13488873247908148,0.005704834271692283,-0.2222445390488924,0.3732466260248481,cornet_z_sl,imagenet_oneface,V2
adult,A1,-0.011322655009160186,0.005869435765437208,-0.31631427805430085,0.3165626262029056,cornet_z_sl,imagenet_oneface,V2
adult,EVC,0.5484429630905501,0.003952782331261773,0.31894481398418467,0.7059646788557469,cornet_z_sl,imagenet_oneface,V2
