age,roi,corr,se,ci_low,ci_high,architecture,train_type,layer
infant,FFA,0.16734265910806947,0.029756821029694753,-0.16856109854838291,0.4500508483246477,cornet_z_sl,random,V1
infant,A1,0.4519112660983665,0.01754154697986999,0.24156364855340995,0.5747769505666444,cornet_z_sl,random,V1
infant,EVC,0.15810726329965183,0.027313917856293536,-0.15488396948804026,0.3830839790756296,cornet_z_sl,random,V1
adult,FFA,0.12812983315750284,0.02153599727628737,-0.20810690859393816,0.2888951670408808,cornet_z_sl,random,V1
adult,A1,0.3876095882390894,0.015083302888872021,0.19599293446149052,0.5214745587465701,cornet_z_sl,random,V1
adult,EVC,0.09826022913175853,0.021507982403005634,-0.14006291837462617,0.2824247012793199,cornet_z_sl,random,V1
