age,roi,corr,se,ci_low,ci_high,architecture,train_type,layer
infant,FFA,0.3851957267051255,0.011678289556277498,0.2223441634456513,0.49715187755323575,cornet_z_sl,imagenet_vggface,V1
infant,A1,-0.04445360836176819,0.02641551644667168,-0.37283217536664814,0.21780200220964357,cornet_z_sl,imagenet_vggface,V1
infant,EVC,0.3999244408071195,0.018303660055867803,0.26413633003799725,0.5266091680582738,cornet_z_sl,imagenet_vggface,V1
adult,FFA,0.07961358037401295,0.04351681249369027,-0.4153808501310468,0.41142323619273197,cornet_z_sl,imagenet_vggface,V1
adult,A1,0.36877331622716225,0.01394456834079164,0.23830311152223832,0.4824677083270828,cornet_z_sl,imagenet_vggface,V1
adult,EVC,0.25073937826214177,0.018837323539333834,0.05638824142211113,0.38706959523759926,cornet_z_sl,imagenet_vggface,V1
