age,roi,corr,se,ci_low,ci_high,architecture,train_type,layer
infant,FFA,0.6450033387796819,0.01020803108500243,0.5354997729482117,0.7349662906919227,cornet_z_sl,vggface,aIT
infant,A1,0.6211648663588459,0.019296213064066578,0.33995261042236247,0.7151069038601326,cornet_z_sl,vggface,aIT
infant,EVC,0.549284350070813,0.018225417079959016,0.3261009937360633,0.7207920012579498,cornet_z_sl,vggface,aIT
adult,FFA,0.6196704797287906,0.010596702496241079,0.508103044611984,0.7464677288447426,cornet_z_sl,vggface,aIT
adult,A1,0.6148204128377371,0.008193002692751767,0.5029347577244214,0.6892227245543094,cornet_z_sl,vggface,aIT
adult,EVC,0.5626209452470251,0.013772616231150153,0.4784591365633318,0.6573721179058808,cornet_z_sl,vggface,aIT
