age,roi,corr,se,ci_low,ci_high,architecture,train_type,layer
infant,FFA,0.03692853687717474,0.006346949470713345,-0.31312337720883426,0.3585593985584073,cornet_z_sl,imagenet_vggface,aIT
infant,A1,0.015035723492540438,0.004755005015969628,-0.24210787834214267,0.2653955329204474,cornet_z_sl,imagenet_vggface,aIT
infant,EVC,0.17796160709596154,0.006028464846284721,-0.1970787528019521,0.44175258780031,cornet_z_sl,imagenet_vggface,aIT
adult,FFA,0.35425823421812963,0.003976564971994673,0.09531274310182121,0.5161789997309492,cornet_z_sl,imagenet_vggface,aIT
adult,A1,0.04453613408539469,0.005055116830221066,-0.228280147788224,0.3022545169335213,cornet_z_sl,imagenet_vggface,aIT
adult,EVC,0.491572046249702,0.003970508672369921,0.2233912503759107,0.6511490016143336,cornet_z_sl,imagenet_vggface,aIT
